bug,fighting,rock
bug,fighting,"[bug,flying]"
bug,fighting,"[bug,grass]"
bug,fighting,"[bug,poison]"
bug,fighting,"[rock,flying]"
bug,fighting,"[rock,ground]"
bug,fighting,"[rock,water]"
bug,grass,ground
bug,grass,rock
bug,grass,"[bug,grass]"
bug,grass,"[electric,flying]"
bug,grass,"[grass,poison]"
bug,grass,"[grass,psychic]"
bug,grass,"[poison,ground]"
bug,grass,"[rock,ground]"
bug,grass,"[rock,water]"
bug,grass,"[water,fighting]"
bug,grass,"[water,flying]"
bug,grass,"[water,poison]"
bug,ground,fire
bug,ground,poison
bug,ground,rock
bug,ground,"[bug,poison]"
bug,ground,"[electric,flying]"
bug,ground,"[fire,flying]"
bug,ground,"[ghost,poison]"
bug,ground,"[grass,poison]"
bug,ground,"[poison,flying]"
bug,ground,"[poison,ground]"
bug,ground,"[rock,flying]"
bug,ground,"[rock,ground]"
bug,ground,"[rock,water]"
bug,ground,"[water,poison]"
bug,poison,fighting
bug,poison,grass
bug,poison,"[bug,flying]"
bug,poison,"[bug,grass]"
bug,poison,"[bug,poison]"
bug,poison,"[ghost,poison]"
bug,poison,"[grass,poison]"
bug,poison,"[grass,psychic]"
bug,poison,"[poison,flying]"
bug,poison,"[poison,ground]"
bug,poison,"[water,fighting]"
bug,poison,"[water,poison]"
bug,psychic,fighting
bug,psychic,poison
bug,psychic,"[bug,poison]"
bug,psychic,"[ghost,poison]"
bug,psychic,"[grass,poison]"
bug,psychic,"[grass,psychic]"
bug,psychic,"[poison,flying]"
bug,psychic,"[poison,ground]"
bug,psychic,"[water,fighting]"
bug,psychic,"[water,poison]"
bug,"[bug,grass]",grass
bug,"[bug,grass]",ground
bug,"[bug,grass]",poison
bug,"[bug,grass]",rock
bug,"[bug,grass]","[bug,poison]"
bug,"[bug,grass]","[grass,poison]"
bug,"[bug,grass]","[grass,psychic]"
bug,"[bug,grass]","[poison,ground]"
bug,"[bug,grass]","[rock,ground]"
bug,"[bug,grass]","[rock,water]"
bug,"[bug,grass]","[water,fighting]"
bug,"[bug,grass]","[water,poison]"
bug,"[bug,poison]",grass
bug,"[bug,poison]",poison
bug,"[bug,poison]","[bug,flying]"
bug,"[bug,poison]","[bug,grass]"
bug,"[bug,poison]","[grass,poison]"
bug,"[bug,poison]","[grass,psychic]"
bug,"[bug,poison]","[poison,ground]"
bug,"[bug,poison]","[water,poison]"
bug,"[grass,poison]",grass
bug,"[grass,poison]",ground
bug,"[grass,poison]",rock
bug,"[grass,poison]","[bug,flying]"
bug,"[grass,poison]","[bug,grass]"
bug,"[grass,poison]","[grass,psychic]"
bug,"[grass,poison]","[rock,ground]"
bug,"[grass,poison]","[rock,water]"
bug,"[grass,poison]","[water,fighting]"
bug,"[grass,psychic]",fighting
bug,"[grass,psychic]",ground
bug,"[grass,psychic]",poison
bug,"[grass,psychic]",rock
bug,"[grass,psychic]","[bug,poison]"
bug,"[grass,psychic]","[ghost,poison]"
bug,"[grass,psychic]","[grass,poison]"
bug,"[grass,psychic]","[poison,flying]"
bug,"[grass,psychic]","[poison,ground]"
bug,"[grass,psychic]","[rock,ground]"
bug,"[grass,psychic]","[rock,water]"
bug,"[grass,psychic]","[water,fighting]"
bug,"[grass,psychic]","[water,poison]"
bug,"[ice,psychic]",fighting
bug,"[ice,psychic]",flying
bug,"[ice,psychic]",grass
bug,"[ice,psychic]",poison
bug,"[ice,psychic]","[bug,flying]"
bug,"[ice,psychic]","[bug,grass]"
bug,"[ice,psychic]","[bug,poison]"
bug,"[ice,psychic]","[dragon,flying]"
bug,"[ice,psychic]","[electric,flying]"
bug,"[ice,psychic]","[fire,flying]"
bug,"[ice,psychic]","[ghost,poison]"
bug,"[ice,psychic]","[grass,poison]"
bug,"[ice,psychic]","[grass,psychic]"
bug,"[ice,psychic]","[normal,flying]"
bug,"[ice,psychic]","[poison,flying]"
bug,"[ice,psychic]","[poison,ground]"
bug,"[ice,psychic]","[rock,flying]"
bug,"[ice,psychic]","[water,fighting]"
bug,"[ice,psychic]","[water,poison]"
bug,"[poison,ground]",fire
bug,"[poison,ground]",grass
bug,"[poison,ground]",poison
bug,"[poison,ground]",rock
bug,"[poison,ground]","[bug,flying]"
bug,"[poison,ground]","[bug,grass]"
bug,"[poison,ground]","[electric,flying]"
bug,"[poison,ground]","[fire,flying]"
bug,"[poison,ground]","[ghost,poison]"
bug,"[poison,ground]","[grass,psychic]"
bug,"[poison,ground]","[poison,flying]"
bug,"[poison,ground]","[rock,flying]"
bug,"[poison,ground]","[rock,ground]"
bug,"[poison,ground]","[rock,water]"
bug,"[poison,ground]","[water,poison]"
bug,"[rock,ground]",fire
bug,"[rock,ground]",flying
bug,"[rock,ground]",poison
bug,"[rock,ground]",rock
bug,"[rock,ground]","[bug,flying]"
bug,"[rock,ground]","[bug,grass]"
bug,"[rock,ground]","[bug,poison]"
bug,"[rock,ground]","[dragon,flying]"
bug,"[rock,ground]","[electric,flying]"
bug,"[rock,ground]","[fire,flying]"
bug,"[rock,ground]","[ghost,poison]"
bug,"[rock,ground]","[ice,flying]"
bug,"[rock,ground]","[normal,flying]"
bug,"[rock,ground]","[poison,flying]"
bug,"[rock,ground]","[poison,ground]"
bug,"[rock,ground]","[rock,flying]"
bug,"[rock,ground]","[rock,water]"
bug,"[rock,ground]","[water,flying]"
bug,"[rock,ground]","[water,poison]"
bug,"[water,fighting]",fire
bug,"[water,fighting]",ground
bug,"[water,fighting]",rock
bug,"[water,fighting]","[fire,flying]"
bug,"[water,fighting]","[poison,ground]"
bug,"[water,fighting]","[rock,flying]"
bug,"[water,fighting]","[rock,ground]"
bug,"[water,fighting]","[rock,water]"
bug,"[water,poison]",fire
bug,"[water,poison]",grass
bug,"[water,poison]",ground
bug,"[water,poison]",rock
bug,"[water,poison]","[bug,flying]"
bug,"[water,poison]","[bug,grass]"
bug,"[water,poison]","[fire,flying]"
bug,"[water,poison]","[grass,psychic]"
bug,"[water,poison]","[poison,ground]"
bug,"[water,poison]","[rock,flying]"
bug,"[water,poison]","[rock,ground]"
bug,"[water,psychic]",fighting
bug,"[water,psychic]",fire
bug,"[water,psychic]",ground
bug,"[water,psychic]",poison
bug,"[water,psychic]",rock
bug,"[water,psychic]","[bug,poison]"
bug,"[water,psychic]","[fire,flying]"
bug,"[water,psychic]","[ghost,poison]"
bug,"[water,psychic]","[grass,poison]"
bug,"[water,psychic]","[poison,flying]"
bug,"[water,psychic]","[poison,ground]"
bug,"[water,psychic]","[rock,flying]"
bug,"[water,psychic]","[rock,ground]"
bug,"[water,psychic]","[water,fighting]"
bug,"[water,psychic]","[water,poison]"
dragon,electric,water
dragon,electric,"[dragon,flying]"
dragon,electric,"[electric,flying]"
dragon,electric,"[fire,flying]"
dragon,electric,"[ice,flying]"
dragon,electric,"[rock,water]"
dragon,electric,"[water,fighting]"
dragon,electric,"[water,flying]"
dragon,electric,"[water,ice]"
dragon,electric,"[water,poison]"
dragon,electric,"[water,psychic]"
dragon,fire,grass
dragon,fire,ice
dragon,fire,"[bug,grass]"
dragon,fire,"[fire,flying]"
dragon,fire,"[grass,poison]"
dragon,fire,"[grass,psychic]"
dragon,fire,"[ice,flying]"
dragon,fire,"[ice,psychic]"
dragon,grass,electric
dragon,grass,water
dragon,grass,"[bug,grass]"
dragon,grass,"[electric,flying]"
dragon,grass,"[grass,poison]"
dragon,grass,"[grass,psychic]"
dragon,grass,"[rock,water]"
dragon,grass,"[water,fighting]"
dragon,grass,"[water,flying]"
dragon,grass,"[water,ice]"
dragon,grass,"[water,poison]"
dragon,grass,"[water,psychic]"
dragon,water,fire
dragon,water,ice
dragon,water,"[fire,flying]"
dragon,water,"[ice,flying]"
dragon,water,"[ice,psychic]"
dragon,water,"[rock,water]"
dragon,water,"[water,fighting]"
dragon,water,"[water,flying]"
dragon,water,"[water,ice]"
dragon,water,"[water,poison]"
dragon,water,"[water,psychic]"
dragon,"[bug,grass]",grass
dragon,"[bug,grass]",water
dragon,"[bug,grass]","[grass,poison]"
dragon,"[bug,grass]","[grass,psychic]"
dragon,"[bug,grass]","[ice,psychic]"
dragon,"[bug,grass]","[rock,water]"
dragon,"[bug,grass]","[water,fighting]"
dragon,"[bug,grass]","[water,ice]"
dragon,"[bug,grass]","[water,poison]"
dragon,"[bug,grass]","[water,psychic]"
dragon,"[dragon,flying]",grass
dragon,"[dragon,flying]","[bug,grass]"
dragon,"[dragon,flying]","[grass,poison]"
dragon,"[dragon,flying]","[grass,psychic]"
dragon,"[dragon,flying]","[water,fighting]"
dragon,"[electric,flying]",grass
dragon,"[electric,flying]",water
dragon,"[electric,flying]","[bug,grass]"
dragon,"[electric,flying]","[fire,flying]"
dragon,"[electric,flying]","[grass,poison]"
dragon,"[electric,flying]","[grass,psychic]"
dragon,"[electric,flying]","[ice,flying]"
dragon,"[electric,flying]","[rock,water]"
dragon,"[electric,flying]","[water,fighting]"
dragon,"[electric,flying]","[water,flying]"
dragon,"[electric,flying]","[water,ice]"
dragon,"[electric,flying]","[water,poison]"
dragon,"[electric,flying]","[water,psychic]"
dragon,"[fire,flying]",grass
dragon,"[fire,flying]",ice
dragon,"[fire,flying]","[bug,grass]"
dragon,"[fire,flying]","[grass,poison]"
dragon,"[fire,flying]","[grass,psychic]"
dragon,"[fire,flying]","[ice,flying]"
dragon,"[fire,flying]","[ice,psychic]"
dragon,"[fire,flying]","[water,fighting]"
dragon,"[grass,poison]",grass
dragon,"[grass,poison]",water
dragon,"[grass,poison]","[bug,grass]"
dragon,"[grass,poison]","[grass,psychic]"
dragon,"[grass,poison]","[rock,water]"
dragon,"[grass,poison]","[water,fighting]"
dragon,"[grass,poison]","[water,ice]"
dragon,"[grass,poison]","[water,psychic]"
dragon,"[grass,psychic]",water
dragon,"[grass,psychic]","[grass,poison]"
dragon,"[grass,psychic]","[rock,water]"
dragon,"[grass,psychic]","[water,fighting]"
dragon,"[grass,psychic]","[water,ice]"
dragon,"[grass,psychic]","[water,poison]"
dragon,"[grass,psychic]","[water,psychic]"
dragon,"[rock,water]",fire
dragon,"[rock,water]",ice
dragon,"[rock,water]","[bug,grass]"
dragon,"[rock,water]","[dragon,flying]"
dragon,"[rock,water]","[electric,flying]"
dragon,"[rock,water]","[fire,flying]"
dragon,"[rock,water]","[ice,flying]"
dragon,"[rock,water]","[ice,psychic]"
dragon,"[rock,water]","[water,flying]"
dragon,"[rock,water]","[water,ice]"
dragon,"[water,fighting]",fire
dragon,"[water,fighting]",ice
dragon,"[water,fighting]","[fire,flying]"
dragon,"[water,fighting]","[rock,water]"
dragon,"[water,fighting]","[water,ice]"
dragon,"[water,flying]",fire
dragon,"[water,flying]",grass
dragon,"[water,flying]","[bug,grass]"
dragon,"[water,flying]","[fire,flying]"
dragon,"[water,flying]","[grass,poison]"
dragon,"[water,flying]","[grass,psychic]"
dragon,"[water,flying]","[water,fighting]"
dragon,"[water,ice]",fire
dragon,"[water,ice]",grass
dragon,"[water,ice]","[bug,grass]"
dragon,"[water,ice]","[dragon,flying]"
dragon,"[water,ice]","[electric,flying]"
dragon,"[water,ice]","[fire,flying]"
dragon,"[water,ice]","[grass,poison]"
dragon,"[water,ice]","[grass,psychic]"
dragon,"[water,poison]",fire
dragon,"[water,poison]",grass
dragon,"[water,poison]","[bug,grass]"
dragon,"[water,poison]","[fire,flying]"
dragon,"[water,poison]","[grass,psychic]"
dragon,"[water,psychic]",fire
dragon,"[water,psychic]","[fire,flying]"
dragon,"[water,psychic]","[grass,poison]"
dragon,"[water,psychic]","[water,fighting]"
dragon,"[water,psychic]","[water,poison]"
electric,flying,"[bug,flying]"
electric,water,ground
electric,water,"[fire,flying]"
electric,water,"[ice,flying]"
electric,water,"[poison,ground]"
electric,water,"[rock,flying]"
electric,water,"[rock,ground]"
electric,water,"[water,flying]"
electric,"[bug,flying]","[poison,ground]"
electric,"[dragon,flying]","[bug,flying]"
electric,"[electric,flying]",flying
electric,"[electric,flying]","[bug,flying]"
electric,"[electric,flying]","[fire,flying]"
electric,"[electric,flying]","[ice,flying]"
electric,"[electric,flying]","[normal,flying]"
electric,"[electric,flying]","[poison,flying]"
electric,"[electric,flying]","[rock,flying]"
electric,"[electric,flying]","[water,flying]"
electric,"[fire,flying]","[bug,flying]"
electric,"[fire,flying]","[ice,flying]"
electric,"[ice,flying]",flying
electric,"[ice,flying]","[bug,flying]"
electric,"[ice,flying]","[dragon,flying]"
electric,"[ice,flying]","[electric,flying]"
electric,"[ice,flying]","[fire,flying]"
electric,"[ice,flying]","[normal,flying]"
electric,"[ice,flying]","[poison,flying]"
electric,"[ice,flying]","[rock,flying]"
electric,"[normal,flying]","[bug,flying]"
electric,"[poison,flying]","[bug,flying]"
electric,"[rock,flying]",flying
electric,"[rock,flying]","[bug,flying]"
electric,"[rock,flying]","[dragon,flying]"
electric,"[rock,flying]","[electric,flying]"
electric,"[rock,flying]","[fire,flying]"
electric,"[rock,flying]","[ice,flying]"
electric,"[rock,flying]","[normal,flying]"
electric,"[rock,flying]","[poison,flying]"
electric,"[rock,flying]","[water,flying]"
electric,"[rock,water]",flying
electric,"[rock,water]",ground
electric,"[rock,water]","[bug,flying]"
electric,"[rock,water]","[dragon,flying]"
electric,"[rock,water]","[electric,flying]"
electric,"[rock,water]","[fire,flying]"
electric,"[rock,water]","[ice,flying]"
electric,"[rock,water]","[normal,flying]"
electric,"[rock,water]","[poison,flying]"
electric,"[rock,water]","[poison,ground]"
electric,"[rock,water]","[rock,flying]"
electric,"[rock,water]","[rock,ground]"
electric,"[rock,water]","[water,flying]"
electric,"[water,fighting]",ground
electric,"[water,fighting]","[fire,flying]"
electric,"[water,fighting]","[poison,ground]"
electric,"[water,fighting]","[rock,flying]"
electric,"[water,fighting]","[rock,ground]"
electric,"[water,flying]",ground
electric,"[water,flying]","[bug,flying]"
electric,"[water,flying]","[fire,flying]"
electric,"[water,flying]","[poison,ground]"
electric,"[water,flying]","[rock,flying]"
electric,"[water,flying]","[rock,ground]"
electric,"[water,ice]",flying
electric,"[water,ice]",ground
electric,"[water,ice]","[bug,flying]"
electric,"[water,ice]","[dragon,flying]"
electric,"[water,ice]","[electric,flying]"
electric,"[water,ice]","[fire,flying]"
electric,"[water,ice]","[normal,flying]"
electric,"[water,ice]","[poison,flying]"
electric,"[water,ice]","[poison,ground]"
electric,"[water,ice]","[rock,flying]"
electric,"[water,ice]","[rock,ground]"
electric,"[water,poison]",ground
electric,"[water,poison]","[bug,flying]"
electric,"[water,poison]","[fire,flying]"
electric,"[water,poison]","[poison,ground]"
electric,"[water,poison]","[rock,flying]"
electric,"[water,poison]","[rock,ground]"
electric,"[water,psychic]",ground
electric,"[water,psychic]","[fire,flying]"
electric,"[water,psychic]","[poison,flying]"
electric,"[water,psychic]","[poison,ground]"
electric,"[water,psychic]","[rock,flying]"
electric,"[water,psychic]","[rock,ground]"
fighting,ice,flying
fighting,ice,"[bug,flying]"
fighting,ice,"[bug,grass]"
fighting,ice,"[dragon,flying]"
fighting,ice,"[electric,flying]"
fighting,ice,"[fire,flying]"
fighting,ice,"[grass,psychic]"
fighting,ice,"[ice,flying]"
fighting,ice,"[ice,psychic]"
fighting,ice,"[normal,flying]"
fighting,ice,"[poison,flying]"
fighting,ice,"[rock,flying]"
fighting,rock,flying
fighting,rock,"[bug,flying]"
fighting,rock,"[bug,grass]"
fighting,rock,"[bug,poison]"
fighting,rock,"[dragon,flying]"
fighting,rock,"[electric,flying]"
fighting,rock,"[fire,flying]"
fighting,rock,"[ice,flying]"
fighting,rock,"[ice,psychic]"
fighting,rock,"[normal,flying]"
fighting,rock,"[poison,flying]"
fighting,rock,"[rock,flying]"
fighting,rock,"[water,flying]"
fighting,"[bug,flying]",psychic
fighting,"[bug,flying]","[bug,grass]"
fighting,"[bug,flying]","[bug,poison]"
fighting,"[bug,flying]","[grass,psychic]"
fighting,"[bug,flying]","[ice,psychic]"
fighting,"[bug,flying]","[water,psychic]"
fighting,"[bug,grass]",psychic
fighting,"[bug,grass]",rock
fighting,"[bug,grass]","[bug,poison]"
fighting,"[bug,grass]","[grass,psychic]"
fighting,"[bug,grass]","[ice,psychic]"
fighting,"[bug,grass]","[rock,ground]"
fighting,"[bug,grass]","[rock,water]"
fighting,"[bug,grass]","[water,psychic]"
fighting,"[bug,poison]",psychic
fighting,"[bug,poison]","[bug,flying]"
fighting,"[bug,poison]","[bug,grass]"
fighting,"[bug,poison]","[grass,psychic]"
fighting,"[bug,poison]","[ice,psychic]"
fighting,"[bug,poison]","[water,psychic]"
fighting,"[rock,flying]",flying
fighting,"[rock,flying]","[bug,flying]"
fighting,"[rock,flying]","[bug,grass]"
fighting,"[rock,flying]","[bug,poison]"
fighting,"[rock,flying]","[dragon,flying]"
fighting,"[rock,flying]","[electric,flying]"
fighting,"[rock,flying]","[fire,flying]"
fighting,"[rock,flying]","[grass,psychic]"
fighting,"[rock,flying]","[ice,flying]"
fighting,"[rock,flying]","[ice,psychic]"
fighting,"[rock,flying]","[normal,flying]"
fighting,"[rock,flying]","[poison,flying]"
fighting,"[rock,flying]","[water,flying]"
fighting,"[rock,ground]",flying
fighting,"[rock,ground]",rock
fighting,"[rock,ground]","[bug,flying]"
fighting,"[rock,ground]","[bug,grass]"
fighting,"[rock,ground]","[bug,poison]"
fighting,"[rock,ground]","[dragon,flying]"
fighting,"[rock,ground]","[electric,flying]"
fighting,"[rock,ground]","[fire,flying]"
fighting,"[rock,ground]","[ice,flying]"
fighting,"[rock,ground]","[ice,psychic]"
fighting,"[rock,ground]","[normal,flying]"
fighting,"[rock,ground]","[poison,flying]"
fighting,"[rock,ground]","[rock,flying]"
fighting,"[rock,ground]","[rock,water]"
fighting,"[rock,ground]","[water,flying]"
fighting,"[rock,water]",flying
fighting,"[rock,water]",rock
fighting,"[rock,water]","[bug,flying]"
fighting,"[rock,water]","[bug,grass]"
fighting,"[rock,water]","[bug,poison]"
fighting,"[rock,water]","[dragon,flying]"
fighting,"[rock,water]","[electric,flying]"
fighting,"[rock,water]","[fire,flying]"
fighting,"[rock,water]","[ice,flying]"
fighting,"[rock,water]","[ice,psychic]"
fighting,"[rock,water]","[normal,flying]"
fighting,"[rock,water]","[poison,flying]"
fighting,"[rock,water]","[rock,flying]"
fighting,"[rock,water]","[rock,ground]"
fighting,"[rock,water]","[water,flying]"
fighting,"[water,ice]",flying
fighting,"[water,ice]",rock
fighting,"[water,ice]","[bug,flying]"
fighting,"[water,ice]","[bug,grass]"
fighting,"[water,ice]","[dragon,flying]"
fighting,"[water,ice]","[electric,flying]"
fighting,"[water,ice]","[fire,flying]"
fighting,"[water,ice]","[grass,psychic]"
fighting,"[water,ice]","[normal,flying]"
fighting,"[water,ice]","[poison,flying]"
fighting,"[water,ice]","[rock,flying]"
fighting,"[water,ice]","[rock,ground]"
fire,grass,ground
fire,grass,rock
fire,grass,water
fire,grass,"[bug,grass]"
fire,grass,"[grass,poison]"
fire,grass,"[grass,psychic]"
fire,grass,"[poison,ground]"
fire,grass,"[rock,ground]"
fire,grass,"[rock,water]"
fire,grass,"[water,fighting]"
fire,grass,"[water,flying]"
fire,grass,"[water,ice]"
fire,grass,"[water,poison]"
fire,grass,"[water,psychic]"
fire,ice,grass
fire,ice,"[bug,flying]"
fire,ice,"[bug,grass]"
fire,ice,"[fire,flying]"
fire,ice,"[grass,poison]"
fire,ice,"[grass,psychic]"
fire,ice,"[rock,flying]"
fire,ice,"[water,ice]"
fire,"[bug,flying]",grass
fire,"[bug,flying]","[bug,grass]"
fire,"[bug,flying]","[bug,poison]"
fire,"[bug,flying]","[grass,poison]"
fire,"[bug,flying]","[grass,psychic]"
fire,"[bug,flying]","[poison,ground]"
fire,"[bug,flying]","[water,fighting]"
fire,"[bug,flying]","[water,poison]"
fire,"[bug,flying]","[water,psychic]"
fire,"[bug,grass]",grass
fire,"[bug,grass]",ground
fire,"[bug,grass]",rock
fire,"[bug,grass]",water
fire,"[bug,grass]","[bug,poison]"
fire,"[bug,grass]","[grass,poison]"
fire,"[bug,grass]","[grass,psychic]"
fire,"[bug,grass]","[poison,ground]"
fire,"[bug,grass]","[rock,ground]"
fire,"[bug,grass]","[rock,water]"
fire,"[bug,grass]","[water,fighting]"
fire,"[bug,grass]","[water,ice]"
fire,"[bug,grass]","[water,poison]"
fire,"[bug,grass]","[water,psychic]"
fire,"[bug,poison]",grass
fire,"[bug,poison]","[bug,flying]"
fire,"[bug,poison]","[bug,grass]"
fire,"[bug,poison]","[grass,poison]"
fire,"[bug,poison]","[grass,psychic]"
fire,"[bug,poison]","[poison,ground]"
fire,"[bug,poison]","[water,poison]"
fire,"[bug,poison]","[water,psychic]"
fire,"[fire,flying]",grass
fire,"[fire,flying]","[bug,flying]"
fire,"[fire,flying]","[bug,grass]"
fire,"[fire,flying]","[bug,poison]"
fire,"[fire,flying]","[grass,poison]"
fire,"[fire,flying]","[grass,psychic]"
fire,"[fire,flying]","[water,fighting]"
fire,"[grass,poison]",grass
fire,"[grass,poison]",ground
fire,"[grass,poison]",rock
fire,"[grass,poison]",water
fire,"[grass,poison]","[bug,flying]"
fire,"[grass,poison]","[bug,grass]"
fire,"[grass,poison]","[grass,psychic]"
fire,"[grass,poison]","[rock,ground]"
fire,"[grass,poison]","[rock,water]"
fire,"[grass,poison]","[water,fighting]"
fire,"[grass,poison]","[water,ice]"
fire,"[grass,poison]","[water,psychic]"
fire,"[grass,psychic]",ground
fire,"[grass,psychic]",rock
fire,"[grass,psychic]",water
fire,"[grass,psychic]","[bug,poison]"
fire,"[grass,psychic]","[grass,poison]"
fire,"[grass,psychic]","[poison,ground]"
fire,"[grass,psychic]","[rock,ground]"
fire,"[grass,psychic]","[rock,water]"
fire,"[grass,psychic]","[water,fighting]"
fire,"[grass,psychic]","[water,ice]"
fire,"[grass,psychic]","[water,poison]"
fire,"[grass,psychic]","[water,psychic]"
fire,"[ice,flying]",grass
fire,"[ice,flying]","[bug,flying]"
fire,"[ice,flying]","[bug,grass]"
fire,"[ice,flying]","[bug,poison]"
fire,"[ice,flying]","[fire,flying]"
fire,"[ice,flying]","[grass,poison]"
fire,"[ice,flying]","[grass,psychic]"
fire,"[ice,flying]","[rock,flying]"
fire,"[ice,flying]","[water,fighting]"
fire,"[ice,psychic]",grass
fire,"[ice,psychic]","[bug,flying]"
fire,"[ice,psychic]","[bug,grass]"
fire,"[ice,psychic]","[bug,poison]"
fire,"[ice,psychic]","[fire,flying]"
fire,"[ice,psychic]","[grass,poison]"
fire,"[ice,psychic]","[grass,psychic]"
fire,"[ice,psychic]","[poison,ground]"
fire,"[ice,psychic]","[rock,flying]"
fire,"[ice,psychic]","[water,fighting]"
fire,"[ice,psychic]","[water,poison]"
flying,grass,rock
flying,grass,"[bug,grass]"
flying,grass,"[electric,flying]"
flying,grass,"[grass,poison]"
flying,grass,"[grass,psychic]"
flying,grass,"[rock,ground]"
flying,grass,"[rock,water]"
flying,grass,"[water,fighting]"
flying,grass,"[water,ice]"
flying,"[bug,flying]",grass
flying,"[bug,flying]","[bug,grass]"
flying,"[bug,flying]","[bug,poison]"
flying,"[bug,flying]","[grass,poison]"
flying,"[bug,flying]","[grass,psychic]"
flying,"[bug,flying]","[ice,psychic]"
flying,"[bug,flying]","[water,fighting]"
flying,"[bug,grass]",grass
flying,"[bug,grass]",rock
flying,"[bug,grass]","[bug,poison]"
flying,"[bug,grass]","[grass,poison]"
flying,"[bug,grass]","[grass,psychic]"
flying,"[bug,grass]","[ice,psychic]"
flying,"[bug,grass]","[rock,ground]"
flying,"[bug,grass]","[rock,water]"
flying,"[bug,grass]","[water,fighting]"
flying,"[bug,grass]","[water,ice]"
flying,"[bug,poison]",grass
flying,"[bug,poison]","[bug,flying]"
flying,"[bug,poison]","[bug,grass]"
flying,"[bug,poison]","[grass,poison]"
flying,"[bug,poison]","[grass,psychic]"
flying,"[bug,poison]","[ice,psychic]"
flying,"[grass,poison]",grass
flying,"[grass,poison]",rock
flying,"[grass,poison]","[bug,flying]"
flying,"[grass,poison]","[bug,grass]"
flying,"[grass,poison]","[grass,psychic]"
flying,"[grass,poison]","[rock,ground]"
flying,"[grass,poison]","[rock,water]"
flying,"[grass,poison]","[water,fighting]"
flying,"[grass,poison]","[water,ice]"
flying,"[grass,psychic]",rock
flying,"[grass,psychic]","[bug,poison]"
flying,"[grass,psychic]","[grass,poison]"
flying,"[grass,psychic]","[rock,ground]"
flying,"[grass,psychic]","[rock,water]"
flying,"[grass,psychic]","[water,fighting]"
flying,"[grass,psychic]","[water,ice]"
flying,"[water,fighting]",ice
flying,"[water,fighting]",rock
flying,"[water,fighting]","[rock,flying]"
flying,"[water,fighting]","[rock,ground]"
flying,"[water,fighting]","[rock,water]"
flying,"[water,fighting]","[water,ice]"
ghost,poison,"[bug,flying]"
ghost,poison,"[bug,grass]"
ghost,poison,"[bug,poison]"
ghost,poison,"[ghost,poison]"
ghost,poison,"[grass,poison]"
ghost,poison,"[poison,flying]"
ghost,poison,"[poison,ground]"
ghost,poison,"[water,poison]"
ghost,"[bug,flying]",poison
ghost,"[bug,flying]","[bug,grass]"
ghost,"[bug,flying]","[bug,poison]"
ghost,"[bug,flying]","[grass,poison]"
ghost,"[bug,flying]","[poison,ground]"
ghost,"[bug,flying]","[water,poison]"
ghost,"[bug,grass]",poison
ghost,"[bug,grass]","[bug,poison]"
ghost,"[bug,grass]","[grass,poison]"
ghost,"[bug,grass]","[poison,ground]"
ghost,"[bug,grass]","[water,poison]"
ghost,"[bug,poison]",poison
ghost,"[bug,poison]","[bug,flying]"
ghost,"[bug,poison]","[bug,grass]"
ghost,"[bug,poison]","[grass,poison]"
ghost,"[bug,poison]","[poison,ground]"
ghost,"[bug,poison]","[water,poison]"
ghost,"[ghost,poison]","[bug,flying]"
ghost,"[ghost,poison]","[bug,grass]"
ghost,"[grass,poison]","[bug,flying]"
ghost,"[grass,poison]","[bug,grass]"
ghost,"[poison,flying]","[bug,flying]"
ghost,"[poison,flying]","[bug,grass]"
ghost,"[poison,flying]","[bug,poison]"
ghost,"[poison,flying]","[grass,poison]"
ghost,"[poison,ground]",poison
ghost,"[poison,ground]","[bug,flying]"
ghost,"[poison,ground]","[bug,grass]"
ghost,"[poison,ground]","[ghost,poison]"
ghost,"[poison,ground]","[poison,flying]"
ghost,"[poison,ground]","[water,poison]"
ghost,"[water,poison]","[bug,flying]"
ghost,"[water,poison]","[bug,grass]"
ghost,"[water,poison]","[poison,ground]"
grass,ground,poison
grass,ground,"[bug,poison]"
grass,ground,"[electric,flying]"
grass,ground,"[fire,flying]"
grass,ground,"[ghost,poison]"
grass,ground,"[grass,poison]"
grass,ground,"[poison,flying]"
grass,ground,"[poison,ground]"
grass,ground,"[rock,flying]"
grass,ground,"[rock,ground]"
grass,ground,"[rock,water]"
grass,ground,"[water,poison]"
grass,rock,ice
grass,rock,poison
grass,rock,"[bug,flying]"
grass,rock,"[bug,grass]"
grass,rock,"[bug,poison]"
grass,rock,"[dragon,flying]"
grass,rock,"[electric,flying]"
grass,rock,"[fire,flying]"
grass,rock,"[ghost,poison]"
grass,rock,"[grass,poison]"
grass,rock,"[ice,flying]"
grass,rock,"[ice,psychic]"
grass,rock,"[normal,flying]"
grass,rock,"[poison,flying]"
grass,rock,"[poison,ground]"
grass,rock,"[rock,flying]"
grass,rock,"[water,flying]"
grass,rock,"[water,ice]"
grass,rock,"[water,poison]"
grass,water,ground
grass,water,ice
grass,water,"[fire,flying]"
grass,water,"[ice,flying]"
grass,water,"[ice,psychic]"
grass,water,"[poison,ground]"
grass,water,"[rock,flying]"
grass,water,"[rock,ground]"
grass,water,"[rock,water]"
grass,water,"[water,fighting]"
grass,water,"[water,flying]"
grass,water,"[water,ice]"
grass,water,"[water,poison]"
grass,water,"[water,psychic]"
grass,"[bug,grass]",ground
grass,"[bug,grass]",poison
grass,"[bug,grass]",water
grass,"[bug,grass]","[bug,poison]"
grass,"[bug,grass]","[grass,poison]"
grass,"[bug,grass]","[grass,psychic]"
grass,"[bug,grass]","[ice,psychic]"
grass,"[bug,grass]","[poison,ground]"
grass,"[bug,grass]","[rock,ground]"
grass,"[bug,grass]","[rock,water]"
grass,"[bug,grass]","[water,fighting]"
grass,"[bug,grass]","[water,ice]"
grass,"[bug,grass]","[water,poison]"
grass,"[bug,grass]","[water,psychic]"
grass,"[electric,flying]",water
grass,"[electric,flying]","[bug,flying]"
grass,"[electric,flying]","[bug,grass]"
grass,"[electric,flying]","[bug,poison]"
grass,"[electric,flying]","[fire,flying]"
grass,"[electric,flying]","[grass,poison]"
grass,"[electric,flying]","[grass,psychic]"
grass,"[electric,flying]","[ice,flying]"
grass,"[electric,flying]","[normal,flying]"
grass,"[electric,flying]","[poison,flying]"
grass,"[electric,flying]","[rock,flying]"
grass,"[electric,flying]","[rock,water]"
grass,"[electric,flying]","[water,fighting]"
grass,"[electric,flying]","[water,flying]"
grass,"[electric,flying]","[water,ice]"
grass,"[electric,flying]","[water,poison]"
grass,"[electric,flying]","[water,psychic]"
grass,"[grass,poison]",ground
grass,"[grass,poison]",water
grass,"[grass,poison]","[bug,flying]"
grass,"[grass,poison]","[bug,grass]"
grass,"[grass,poison]","[grass,psychic]"
grass,"[grass,poison]","[rock,ground]"
grass,"[grass,poison]","[rock,water]"
grass,"[grass,poison]","[water,fighting]"
grass,"[grass,poison]","[water,ice]"
grass,"[grass,poison]","[water,psychic]"
grass,"[grass,psychic]",ground
grass,"[grass,psychic]",poison
grass,"[grass,psychic]",water
grass,"[grass,psychic]","[bug,poison]"
grass,"[grass,psychic]","[ghost,poison]"
grass,"[grass,psychic]","[grass,poison]"
grass,"[grass,psychic]","[poison,flying]"
grass,"[grass,psychic]","[poison,ground]"
grass,"[grass,psychic]","[rock,ground]"
grass,"[grass,psychic]","[rock,water]"
grass,"[grass,psychic]","[water,fighting]"
grass,"[grass,psychic]","[water,ice]"
grass,"[grass,psychic]","[water,poison]"
grass,"[grass,psychic]","[water,psychic]"
grass,"[poison,ground]",poison
grass,"[poison,ground]","[bug,flying]"
grass,"[poison,ground]","[bug,grass]"
grass,"[poison,ground]","[electric,flying]"
grass,"[poison,ground]","[fire,flying]"
grass,"[poison,ground]","[ghost,poison]"
grass,"[poison,ground]","[grass,psychic]"
grass,"[poison,ground]","[poison,flying]"
grass,"[poison,ground]","[rock,flying]"
grass,"[poison,ground]","[rock,ground]"
grass,"[poison,ground]","[rock,water]"
grass,"[poison,ground]","[water,poison]"
grass,"[rock,ground]",ice
grass,"[rock,ground]",poison
grass,"[rock,ground]","[bug,flying]"
grass,"[rock,ground]","[bug,grass]"
grass,"[rock,ground]","[bug,poison]"
grass,"[rock,ground]","[dragon,flying]"
grass,"[rock,ground]","[electric,flying]"
grass,"[rock,ground]","[fire,flying]"
grass,"[rock,ground]","[ghost,poison]"
grass,"[rock,ground]","[ice,flying]"
grass,"[rock,ground]","[ice,psychic]"
grass,"[rock,ground]","[normal,flying]"
grass,"[rock,ground]","[poison,flying]"
grass,"[rock,ground]","[poison,ground]"
grass,"[rock,ground]","[rock,flying]"
grass,"[rock,ground]","[rock,water]"
grass,"[rock,ground]","[water,flying]"
grass,"[rock,ground]","[water,ice]"
grass,"[rock,ground]","[water,poison]"
grass,"[rock,water]",ground
grass,"[rock,water]",ice
grass,"[rock,water]","[bug,flying]"
grass,"[rock,water]","[bug,grass]"
grass,"[rock,water]","[bug,poison]"
grass,"[rock,water]","[dragon,flying]"
grass,"[rock,water]","[electric,flying]"
grass,"[rock,water]","[fire,flying]"
grass,"[rock,water]","[ice,flying]"
grass,"[rock,water]","[ice,psychic]"
grass,"[rock,water]","[normal,flying]"
grass,"[rock,water]","[poison,flying]"
grass,"[rock,water]","[poison,ground]"
grass,"[rock,water]","[rock,flying]"
grass,"[rock,water]","[rock,ground]"
grass,"[rock,water]","[water,flying]"
grass,"[rock,water]","[water,ice]"
grass,"[water,fighting]",ground
grass,"[water,fighting]",ice
grass,"[water,fighting]","[fire,flying]"
grass,"[water,fighting]","[poison,ground]"
grass,"[water,fighting]","[rock,flying]"
grass,"[water,fighting]","[rock,ground]"
grass,"[water,fighting]","[rock,water]"
grass,"[water,fighting]","[water,ice]"
grass,"[water,flying]",ground
grass,"[water,flying]","[bug,flying]"
grass,"[water,flying]","[bug,grass]"
grass,"[water,flying]","[bug,poison]"
grass,"[water,flying]","[fire,flying]"
grass,"[water,flying]","[grass,poison]"
grass,"[water,flying]","[grass,psychic]"
grass,"[water,flying]","[poison,ground]"
grass,"[water,flying]","[rock,flying]"
grass,"[water,flying]","[rock,ground]"
grass,"[water,flying]","[water,fighting]"
grass,"[water,ice]",ground
grass,"[water,ice]","[bug,flying]"
grass,"[water,ice]","[bug,grass]"
grass,"[water,ice]","[dragon,flying]"
grass,"[water,ice]","[electric,flying]"
grass,"[water,ice]","[fire,flying]"
grass,"[water,ice]","[grass,poison]"
grass,"[water,ice]","[grass,psychic]"
grass,"[water,ice]","[normal,flying]"
grass,"[water,ice]","[poison,flying]"
grass,"[water,ice]","[poison,ground]"
grass,"[water,ice]","[rock,flying]"
grass,"[water,ice]","[rock,ground]"
grass,"[water,poison]",ground
grass,"[water,poison]","[bug,flying]"
grass,"[water,poison]","[bug,grass]"
grass,"[water,poison]","[fire,flying]"
grass,"[water,poison]","[grass,psychic]"
grass,"[water,poison]","[poison,ground]"
grass,"[water,poison]","[rock,flying]"
grass,"[water,poison]","[rock,ground]"
grass,"[water,psychic]",ground
grass,"[water,psychic]",poison
grass,"[water,psychic]","[bug,poison]"
grass,"[water,psychic]","[fire,flying]"
grass,"[water,psychic]","[ghost,poison]"
grass,"[water,psychic]","[grass,poison]"
grass,"[water,psychic]","[poison,flying]"
grass,"[water,psychic]","[poison,ground]"
grass,"[water,psychic]","[rock,flying]"
grass,"[water,psychic]","[rock,ground]"
grass,"[water,psychic]","[water,fighting]"
grass,"[water,psychic]","[water,poison]"
ground,poison,"[bug,grass]"
ground,poison,"[bug,poison]"
ground,poison,"[ghost,poison]"
ground,poison,"[grass,poison]"
ground,poison,"[grass,psychic]"
ground,poison,"[poison,flying]"
ground,poison,"[poison,ground]"
ground,poison,"[water,fighting]"
ground,poison,"[water,poison]"
ground,rock,poison
ground,rock,"[bug,grass]"
ground,rock,"[bug,poison]"
ground,rock,"[ghost,poison]"
ground,rock,"[grass,poison]"
ground,rock,"[poison,flying]"
ground,rock,"[poison,ground]"
ground,rock,"[rock,flying]"
ground,rock,"[water,flying]"
ground,rock,"[water,ice]"
ground,rock,"[water,poison]"
ground,"[bug,poison]",poison
ground,"[bug,poison]","[bug,grass]"
ground,"[bug,poison]","[grass,poison]"
ground,"[bug,poison]","[grass,psychic]"
ground,"[bug,poison]","[poison,ground]"
ground,"[bug,poison]","[water,poison]"
ground,"[bug,poison]","[water,psychic]"
ground,"[electric,flying]",water
ground,"[electric,flying]","[bug,grass]"
ground,"[electric,flying]","[bug,poison]"
ground,"[electric,flying]","[grass,poison]"
ground,"[electric,flying]","[grass,psychic]"
ground,"[electric,flying]","[poison,flying]"
ground,"[electric,flying]","[rock,flying]"
ground,"[electric,flying]","[rock,water]"
ground,"[electric,flying]","[water,fighting]"
ground,"[electric,flying]","[water,flying]"
ground,"[electric,flying]","[water,ice]"
ground,"[electric,flying]","[water,poison]"
ground,"[electric,flying]","[water,psychic]"
ground,"[fire,flying]","[bug,grass]"
ground,"[fire,flying]","[bug,poison]"
ground,"[fire,flying]","[grass,poison]"
ground,"[fire,flying]","[grass,psychic]"
ground,"[fire,flying]","[water,fighting]"
ground,"[ghost,poison]","[bug,grass]"
ground,"[ghost,poison]","[grass,psychic]"
ground,"[grass,poison]",rock
ground,"[grass,poison]",water
ground,"[grass,poison]","[bug,grass]"
ground,"[grass,poison]","[grass,psychic]"
ground,"[grass,poison]","[rock,ground]"
ground,"[grass,poison]","[rock,water]"
ground,"[grass,poison]","[water,fighting]"
ground,"[grass,poison]","[water,ice]"
ground,"[grass,poison]","[water,psychic]"
ground,"[poison,flying]","[bug,grass]"
ground,"[poison,flying]","[bug,poison]"
ground,"[poison,flying]","[grass,poison]"
ground,"[poison,flying]","[grass,psychic]"
ground,"[poison,flying]","[water,fighting]"
ground,"[poison,ground]",poison
ground,"[poison,ground]",rock
ground,"[poison,ground]","[bug,grass]"
ground,"[poison,ground]","[ghost,poison]"
ground,"[poison,ground]","[grass,psychic]"
ground,"[poison,ground]","[poison,flying]"
ground,"[poison,ground]","[rock,flying]"
ground,"[poison,ground]","[rock,ground]"
ground,"[poison,ground]","[rock,water]"
ground,"[poison,ground]","[water,poison]"
ground,"[rock,flying]","[bug,grass]"
ground,"[rock,flying]","[bug,poison]"
ground,"[rock,flying]","[grass,poison]"
ground,"[rock,flying]","[grass,psychic]"
ground,"[rock,flying]","[poison,flying]"
ground,"[rock,flying]","[water,fighting]"
ground,"[rock,flying]","[water,flying]"
ground,"[rock,flying]","[water,ice]"
ground,"[rock,ground]",poison
ground,"[rock,ground]",rock
ground,"[rock,ground]","[bug,grass]"
ground,"[rock,ground]","[bug,poison]"
ground,"[rock,ground]","[ghost,poison]"
ground,"[rock,ground]","[poison,flying]"
ground,"[rock,ground]","[poison,ground]"
ground,"[rock,ground]","[rock,flying]"
ground,"[rock,ground]","[rock,water]"
ground,"[rock,ground]","[water,flying]"
ground,"[rock,ground]","[water,ice]"
ground,"[rock,ground]","[water,poison]"
ground,"[rock,water]",rock
ground,"[rock,water]","[bug,grass]"
ground,"[rock,water]","[bug,poison]"
ground,"[rock,water]","[poison,flying]"
ground,"[rock,water]","[poison,ground]"
ground,"[rock,water]","[rock,flying]"
ground,"[rock,water]","[rock,ground]"
ground,"[rock,water]","[water,flying]"
ground,"[rock,water]","[water,ice]"
ground,"[water,poison]",rock
ground,"[water,poison]","[bug,grass]"
ground,"[water,poison]","[grass,psychic]"
ground,"[water,poison]","[poison,ground]"
ground,"[water,poison]","[rock,flying]"
ground,"[water,poison]","[rock,ground]"
ice,"[bug,flying]","[ice,psychic]"
ice,"[bug,flying]","[water,fighting]"
ice,"[bug,grass]",rock
ice,"[bug,grass]","[ice,psychic]"
ice,"[bug,grass]","[rock,ground]"
ice,"[bug,grass]","[rock,water]"
ice,"[bug,grass]","[water,fighting]"
ice,"[bug,grass]","[water,ice]"
ice,"[dragon,flying]","[water,fighting]"
ice,"[electric,flying]","[fire,flying]"
ice,"[electric,flying]","[ice,flying]"
ice,"[electric,flying]","[rock,flying]"
ice,"[electric,flying]","[rock,water]"
ice,"[electric,flying]","[water,fighting]"
ice,"[electric,flying]","[water,ice]"
ice,"[fire,flying]","[ice,flying]"
ice,"[fire,flying]","[ice,psychic]"
ice,"[fire,flying]","[water,fighting]"
ice,"[grass,poison]",rock
ice,"[grass,poison]","[rock,ground]"
ice,"[grass,poison]","[rock,water]"
ice,"[grass,poison]","[water,fighting]"
ice,"[grass,poison]","[water,ice]"
ice,"[grass,psychic]",rock
ice,"[grass,psychic]","[rock,ground]"
ice,"[grass,psychic]","[rock,water]"
ice,"[grass,psychic]","[water,fighting]"
ice,"[grass,psychic]","[water,ice]"
ice,"[ice,flying]","[fire,flying]"
ice,"[ice,flying]","[rock,flying]"
ice,"[ice,flying]","[water,fighting]"
ice,"[ice,psychic]","[fire,flying]"
ice,"[ice,psychic]","[rock,flying]"
ice,"[ice,psychic]","[water,fighting]"
ice,"[normal,flying]","[water,fighting]"
ice,"[poison,flying]","[water,fighting]"
ice,"[rock,flying]","[fire,flying]"
ice,"[rock,flying]","[ice,flying]"
ice,"[rock,flying]","[ice,psychic]"
ice,"[rock,flying]","[water,fighting]"
ice,"[rock,flying]","[water,ice]"
ice,"[water,ice]",rock
ice,"[water,ice]","[fire,flying]"
ice,"[water,ice]","[rock,flying]"
ice,"[water,ice]","[rock,ground]"
poison,"[bug,flying]",psychic
poison,"[bug,flying]","[bug,grass]"
poison,"[bug,flying]","[bug,poison]"
poison,"[bug,flying]","[grass,poison]"
poison,"[bug,flying]","[grass,psychic]"
poison,"[bug,flying]","[ice,psychic]"
poison,"[bug,flying]","[poison,ground]"
poison,"[bug,flying]","[water,fighting]"
poison,"[bug,flying]","[water,poison]"
poison,"[bug,flying]","[water,psychic]"
poison,"[bug,grass]",psychic
poison,"[bug,grass]","[bug,poison]"
poison,"[bug,grass]","[grass,poison]"
poison,"[bug,grass]","[grass,psychic]"
poison,"[bug,grass]","[ice,psychic]"
poison,"[bug,grass]","[poison,ground]"
poison,"[bug,grass]","[rock,ground]"
poison,"[bug,grass]","[water,fighting]"
poison,"[bug,grass]","[water,poison]"
poison,"[bug,grass]","[water,psychic]"
poison,"[bug,poison]",psychic
poison,"[bug,poison]","[bug,flying]"
poison,"[bug,poison]","[bug,grass]"
poison,"[bug,poison]","[grass,poison]"
poison,"[bug,poison]","[grass,psychic]"
poison,"[bug,poison]","[ice,psychic]"
poison,"[bug,poison]","[poison,ground]"
poison,"[bug,poison]","[water,poison]"
poison,"[bug,poison]","[water,psychic]"
poison,"[ghost,poison]","[bug,flying]"
poison,"[ghost,poison]","[bug,grass]"
poison,"[ghost,poison]","[grass,psychic]"
poison,"[grass,poison]","[bug,flying]"
poison,"[grass,poison]","[bug,grass]"
poison,"[grass,poison]","[grass,psychic]"
poison,"[grass,poison]","[rock,ground]"
poison,"[grass,poison]","[water,fighting]"
poison,"[grass,poison]","[water,psychic]"
poison,"[grass,psychic]","[bug,poison]"
poison,"[grass,psychic]","[ghost,poison]"
poison,"[grass,psychic]","[grass,poison]"
poison,"[grass,psychic]","[poison,flying]"
poison,"[grass,psychic]","[poison,ground]"
poison,"[grass,psychic]","[rock,ground]"
poison,"[grass,psychic]","[water,fighting]"
poison,"[grass,psychic]","[water,poison]"
poison,"[grass,psychic]","[water,psychic]"
poison,"[poison,flying]","[bug,flying]"
poison,"[poison,flying]","[bug,grass]"
poison,"[poison,flying]","[bug,poison]"
poison,"[poison,flying]","[grass,poison]"
poison,"[poison,flying]","[grass,psychic]"
poison,"[poison,flying]","[water,fighting]"
poison,"[poison,ground]","[bug,flying]"
poison,"[poison,ground]","[bug,grass]"
poison,"[poison,ground]","[ghost,poison]"
poison,"[poison,ground]","[grass,psychic]"
poison,"[poison,ground]","[poison,flying]"
poison,"[poison,ground]","[rock,ground]"
poison,"[poison,ground]","[water,poison]"
poison,"[water,fighting]","[poison,ground]"
poison,"[water,fighting]","[rock,ground]"
poison,"[water,poison]","[bug,flying]"
poison,"[water,poison]","[bug,grass]"
poison,"[water,poison]","[grass,psychic]"
poison,"[water,poison]","[poison,ground]"
poison,"[water,poison]","[rock,ground]"
psychic,"[bug,poison]","[bug,flying]"
psychic,"[bug,poison]","[bug,grass]"
psychic,"[bug,poison]","[grass,psychic]"
psychic,"[bug,poison]","[ice,psychic]"
psychic,"[bug,poison]","[water,psychic]"
psychic,"[ghost,poison]","[bug,flying]"
psychic,"[ghost,poison]","[bug,grass]"
psychic,"[ghost,poison]","[grass,psychic]"
psychic,"[grass,poison]","[bug,flying]"
psychic,"[grass,poison]","[bug,grass]"
psychic,"[grass,poison]","[grass,psychic]"
psychic,"[grass,poison]","[water,fighting]"
psychic,"[grass,poison]","[water,psychic]"
psychic,"[grass,psychic]","[bug,poison]"
psychic,"[grass,psychic]","[water,fighting]"
psychic,"[grass,psychic]","[water,psychic]"
psychic,"[ice,psychic]","[bug,flying]"
psychic,"[ice,psychic]","[bug,grass]"
psychic,"[ice,psychic]","[bug,poison]"
psychic,"[ice,psychic]","[grass,psychic]"
psychic,"[ice,psychic]","[water,fighting]"
psychic,"[poison,flying]","[bug,flying]"
psychic,"[poison,flying]","[bug,grass]"
psychic,"[poison,flying]","[bug,poison]"
psychic,"[poison,flying]","[grass,psychic]"
psychic,"[poison,flying]","[water,fighting]"
psychic,"[poison,ground]","[bug,flying]"
psychic,"[poison,ground]","[bug,grass]"
psychic,"[poison,ground]","[grass,psychic]"
psychic,"[water,poison]","[bug,flying]"
psychic,"[water,poison]","[bug,grass]"
psychic,"[water,poison]","[grass,psychic]"
psychic,"[water,psychic]","[bug,poison]"
psychic,"[water,psychic]","[water,fighting]"
rock,"[bug,flying]","[bug,grass]"
rock,"[bug,flying]","[bug,poison]"
rock,"[bug,flying]","[grass,poison]"
rock,"[bug,flying]","[grass,psychic]"
rock,"[bug,flying]","[poison,ground]"
rock,"[bug,flying]","[water,fighting]"
rock,"[bug,flying]","[water,poison]"
rock,"[bug,flying]","[water,psychic]"
rock,"[bug,grass]",water
rock,"[bug,grass]","[bug,poison]"
rock,"[bug,grass]","[grass,poison]"
rock,"[bug,grass]","[grass,psychic]"
rock,"[bug,grass]","[poison,ground]"
rock,"[bug,grass]","[rock,ground]"
rock,"[bug,grass]","[rock,water]"
rock,"[bug,grass]","[water,fighting]"
rock,"[bug,grass]","[water,ice]"
rock,"[bug,grass]","[water,poison]"
rock,"[bug,grass]","[water,psychic]"
rock,"[bug,poison]","[bug,flying]"
rock,"[bug,poison]","[bug,grass]"
rock,"[bug,poison]","[grass,poison]"
rock,"[bug,poison]","[grass,psychic]"
rock,"[bug,poison]","[poison,ground]"
rock,"[bug,poison]","[water,poison]"
rock,"[bug,poison]","[water,psychic]"
rock,"[dragon,flying]","[bug,flying]"
rock,"[dragon,flying]","[bug,grass]"
rock,"[dragon,flying]","[bug,poison]"
rock,"[dragon,flying]","[grass,poison]"
rock,"[dragon,flying]","[grass,psychic]"
rock,"[dragon,flying]","[water,fighting]"
rock,"[electric,flying]",water
rock,"[electric,flying]","[bug,flying]"
rock,"[electric,flying]","[bug,grass]"
rock,"[electric,flying]","[bug,poison]"
rock,"[electric,flying]","[fire,flying]"
rock,"[electric,flying]","[grass,poison]"
rock,"[electric,flying]","[grass,psychic]"
rock,"[electric,flying]","[ice,flying]"
rock,"[electric,flying]","[normal,flying]"
rock,"[electric,flying]","[poison,flying]"
rock,"[electric,flying]","[rock,flying]"
rock,"[electric,flying]","[rock,water]"
rock,"[electric,flying]","[water,fighting]"
rock,"[electric,flying]","[water,flying]"
rock,"[electric,flying]","[water,ice]"
rock,"[electric,flying]","[water,poison]"
rock,"[electric,flying]","[water,psychic]"
rock,"[fire,flying]","[bug,flying]"
rock,"[fire,flying]","[bug,grass]"
rock,"[fire,flying]","[bug,poison]"
rock,"[fire,flying]","[grass,poison]"
rock,"[fire,flying]","[grass,psychic]"
rock,"[fire,flying]","[ice,flying]"
rock,"[fire,flying]","[water,fighting]"
rock,"[ghost,poison]","[bug,flying]"
rock,"[ghost,poison]","[bug,grass]"
rock,"[ghost,poison]","[grass,psychic]"
rock,"[grass,poison]",water
rock,"[grass,poison]","[bug,flying]"
rock,"[grass,poison]","[bug,grass]"
rock,"[grass,poison]","[grass,psychic]"
rock,"[grass,poison]","[rock,ground]"
rock,"[grass,poison]","[rock,water]"
rock,"[grass,poison]","[water,fighting]"
rock,"[grass,poison]","[water,ice]"
rock,"[grass,poison]","[water,psychic]"
rock,"[ice,flying]","[bug,flying]"
rock,"[ice,flying]","[bug,grass]"
rock,"[ice,flying]","[bug,poison]"
rock,"[ice,flying]","[dragon,flying]"
rock,"[ice,flying]","[electric,flying]"
rock,"[ice,flying]","[fire,flying]"
rock,"[ice,flying]","[grass,poison]"
rock,"[ice,flying]","[grass,psychic]"
rock,"[ice,flying]","[normal,flying]"
rock,"[ice,flying]","[poison,flying]"
rock,"[ice,flying]","[rock,flying]"
rock,"[ice,flying]","[water,fighting]"
rock,"[ice,psychic]","[bug,flying]"
rock,"[ice,psychic]","[bug,grass]"
rock,"[ice,psychic]","[bug,poison]"
rock,"[ice,psychic]","[dragon,flying]"
rock,"[ice,psychic]","[electric,flying]"
rock,"[ice,psychic]","[fire,flying]"
rock,"[ice,psychic]","[ghost,poison]"
rock,"[ice,psychic]","[grass,poison]"
rock,"[ice,psychic]","[grass,psychic]"
rock,"[ice,psychic]","[normal,flying]"
rock,"[ice,psychic]","[poison,flying]"
rock,"[ice,psychic]","[poison,ground]"
rock,"[ice,psychic]","[rock,flying]"
rock,"[ice,psychic]","[water,fighting]"
rock,"[ice,psychic]","[water,poison]"
rock,"[normal,flying]","[bug,flying]"
rock,"[normal,flying]","[bug,grass]"
rock,"[normal,flying]","[bug,poison]"
rock,"[normal,flying]","[grass,poison]"
rock,"[normal,flying]","[grass,psychic]"
rock,"[normal,flying]","[water,fighting]"
rock,"[poison,flying]","[bug,flying]"
rock,"[poison,flying]","[bug,grass]"
rock,"[poison,flying]","[bug,poison]"
rock,"[poison,flying]","[grass,poison]"
rock,"[poison,flying]","[grass,psychic]"
rock,"[poison,flying]","[water,fighting]"
rock,"[poison,ground]","[bug,flying]"
rock,"[poison,ground]","[bug,grass]"
rock,"[poison,ground]","[electric,flying]"
rock,"[poison,ground]","[fire,flying]"
rock,"[poison,ground]","[ghost,poison]"
rock,"[poison,ground]","[grass,psychic]"
rock,"[poison,ground]","[poison,flying]"
rock,"[poison,ground]","[rock,flying]"
rock,"[poison,ground]","[rock,ground]"
rock,"[poison,ground]","[rock,water]"
rock,"[poison,ground]","[water,poison]"
rock,"[rock,flying]","[bug,flying]"
rock,"[rock,flying]","[bug,grass]"
rock,"[rock,flying]","[bug,poison]"
rock,"[rock,flying]","[dragon,flying]"
rock,"[rock,flying]","[electric,flying]"
rock,"[rock,flying]","[fire,flying]"
rock,"[rock,flying]","[grass,poison]"
rock,"[rock,flying]","[grass,psychic]"
rock,"[rock,flying]","[ice,flying]"
rock,"[rock,flying]","[normal,flying]"
rock,"[rock,flying]","[poison,flying]"
rock,"[rock,flying]","[water,fighting]"
rock,"[rock,flying]","[water,flying]"
rock,"[rock,flying]","[water,ice]"
rock,"[water,flying]","[bug,flying]"
rock,"[water,flying]","[bug,grass]"
rock,"[water,flying]","[bug,poison]"
rock,"[water,flying]","[fire,flying]"
rock,"[water,flying]","[grass,poison]"
rock,"[water,flying]","[grass,psychic]"
rock,"[water,flying]","[poison,ground]"
rock,"[water,flying]","[rock,flying]"
rock,"[water,flying]","[rock,ground]"
rock,"[water,flying]","[water,fighting]"
rock,"[water,ice]","[bug,flying]"
rock,"[water,ice]","[bug,grass]"
rock,"[water,ice]","[dragon,flying]"
rock,"[water,ice]","[electric,flying]"
rock,"[water,ice]","[fire,flying]"
rock,"[water,ice]","[grass,poison]"
rock,"[water,ice]","[grass,psychic]"
rock,"[water,ice]","[normal,flying]"
rock,"[water,ice]","[poison,flying]"
rock,"[water,ice]","[poison,ground]"
rock,"[water,ice]","[rock,flying]"
rock,"[water,ice]","[rock,ground]"
rock,"[water,poison]","[bug,flying]"
rock,"[water,poison]","[bug,grass]"
rock,"[water,poison]","[fire,flying]"
rock,"[water,poison]","[grass,psychic]"
rock,"[water,poison]","[poison,ground]"
rock,"[water,poison]","[rock,flying]"
rock,"[water,poison]","[rock,ground]"
water,"[fire,flying]","[bug,grass]"
water,"[fire,flying]","[grass,poison]"
water,"[fire,flying]","[grass,psychic]"
water,"[fire,flying]","[ice,flying]"
water,"[fire,flying]","[ice,psychic]"
water,"[fire,flying]","[water,fighting]"
water,"[ice,flying]","[bug,grass]"
water,"[ice,flying]","[electric,flying]"
water,"[ice,flying]","[fire,flying]"
water,"[ice,flying]","[grass,poison]"
water,"[ice,flying]","[grass,psychic]"
water,"[ice,flying]","[water,fighting]"
water,"[ice,psychic]","[bug,grass]"
water,"[ice,psychic]","[electric,flying]"
water,"[ice,psychic]","[fire,flying]"
water,"[ice,psychic]","[grass,poison]"
water,"[ice,psychic]","[grass,psychic]"
water,"[ice,psychic]","[water,fighting]"
water,"[ice,psychic]","[water,poison]"
water,"[poison,ground]","[bug,grass]"
water,"[poison,ground]","[electric,flying]"
water,"[poison,ground]","[fire,flying]"
water,"[poison,ground]","[grass,psychic]"
water,"[poison,ground]","[rock,water]"
water,"[poison,ground]","[water,poison]"
water,"[rock,flying]","[bug,grass]"
water,"[rock,flying]","[electric,flying]"
water,"[rock,flying]","[fire,flying]"
water,"[rock,flying]","[grass,poison]"
water,"[rock,flying]","[grass,psychic]"
water,"[rock,flying]","[ice,flying]"
water,"[rock,flying]","[ice,psychic]"
water,"[rock,flying]","[water,fighting]"
water,"[rock,flying]","[water,flying]"
water,"[rock,flying]","[water,ice]"
water,"[rock,ground]","[bug,grass]"
water,"[rock,ground]","[electric,flying]"
water,"[rock,ground]","[fire,flying]"
water,"[rock,ground]","[ice,flying]"
water,"[rock,ground]","[ice,psychic]"
water,"[rock,ground]","[rock,water]"
water,"[rock,ground]","[water,flying]"
water,"[rock,ground]","[water,ice]"
water,"[rock,ground]","[water,poison]"
water,"[rock,water]","[bug,grass]"
water,"[rock,water]","[electric,flying]"
water,"[rock,water]","[fire,flying]"
water,"[rock,water]","[ice,flying]"
water,"[rock,water]","[ice,psychic]"
water,"[rock,water]","[water,flying]"
water,"[rock,water]","[water,ice]"
water,"[water,fighting]","[fire,flying]"
water,"[water,fighting]","[rock,water]"
water,"[water,fighting]","[water,ice]"
water,"[water,flying]","[bug,grass]"
water,"[water,flying]","[fire,flying]"
water,"[water,flying]","[grass,poison]"
water,"[water,flying]","[grass,psychic]"
water,"[water,flying]","[water,fighting]"
water,"[water,ice]","[bug,grass]"
water,"[water,ice]","[electric,flying]"
water,"[water,ice]","[fire,flying]"
water,"[water,ice]","[grass,poison]"
water,"[water,ice]","[grass,psychic]"
water,"[water,poison]","[bug,grass]"
water,"[water,poison]","[fire,flying]"
water,"[water,poison]","[grass,psychic]"
water,"[water,psychic]","[fire,flying]"
water,"[water,psychic]","[grass,poison]"
water,"[water,psychic]","[water,fighting]"
water,"[water,psychic]","[water,poison]"
"[bug,flying]","[bug,grass]","[bug,poison]"
"[bug,flying]","[bug,grass]","[grass,poison]"
"[bug,flying]","[bug,grass]","[ice,psychic]"
"[bug,flying]","[bug,grass]","[poison,ground]"
"[bug,flying]","[bug,grass]","[rock,ground]"
"[bug,flying]","[bug,grass]","[rock,water]"
"[bug,flying]","[bug,grass]","[water,ice]"
"[bug,flying]","[bug,grass]","[water,poison]"
"[bug,flying]","[bug,poison]","[grass,poison]"
"[bug,flying]","[bug,poison]","[ice,psychic]"
"[bug,flying]","[bug,poison]","[poison,ground]"
"[bug,flying]","[bug,poison]","[water,poison]"
"[bug,flying]","[grass,poison]","[rock,ground]"
"[bug,flying]","[grass,poison]","[rock,water]"
"[bug,flying]","[grass,poison]","[water,ice]"
"[bug,flying]","[grass,psychic]","[bug,poison]"
"[bug,flying]","[grass,psychic]","[ghost,poison]"
"[bug,flying]","[grass,psychic]","[grass,poison]"
"[bug,flying]","[grass,psychic]","[poison,flying]"
"[bug,flying]","[grass,psychic]","[poison,ground]"
"[bug,flying]","[grass,psychic]","[rock,ground]"
"[bug,flying]","[grass,psychic]","[rock,water]"
"[bug,flying]","[grass,psychic]","[water,ice]"
"[bug,flying]","[grass,psychic]","[water,poison]"
"[bug,flying]","[ice,psychic]","[bug,poison]"
"[bug,flying]","[ice,psychic]","[dragon,flying]"
"[bug,flying]","[ice,psychic]","[electric,flying]"
"[bug,flying]","[ice,psychic]","[fire,flying]"
"[bug,flying]","[ice,psychic]","[ghost,poison]"
"[bug,flying]","[ice,psychic]","[grass,poison]"
"[bug,flying]","[ice,psychic]","[normal,flying]"
"[bug,flying]","[ice,psychic]","[poison,flying]"
"[bug,flying]","[ice,psychic]","[poison,ground]"
"[bug,flying]","[ice,psychic]","[rock,flying]"
"[bug,flying]","[ice,psychic]","[water,poison]"
"[bug,flying]","[poison,ground]","[electric,flying]"
"[bug,flying]","[poison,ground]","[fire,flying]"
"[bug,flying]","[poison,ground]","[ghost,poison]"
"[bug,flying]","[poison,ground]","[poison,flying]"
"[bug,flying]","[poison,ground]","[rock,flying]"
"[bug,flying]","[poison,ground]","[rock,ground]"
"[bug,flying]","[poison,ground]","[rock,water]"
"[bug,flying]","[poison,ground]","[water,poison]"
"[bug,flying]","[water,fighting]","[fire,flying]"
"[bug,flying]","[water,fighting]","[poison,ground]"
"[bug,flying]","[water,fighting]","[rock,flying]"
"[bug,flying]","[water,fighting]","[rock,ground]"
"[bug,flying]","[water,fighting]","[rock,water]"
"[bug,flying]","[water,fighting]","[water,ice]"
"[bug,flying]","[water,poison]","[fire,flying]"
"[bug,flying]","[water,poison]","[poison,ground]"
"[bug,flying]","[water,poison]","[rock,flying]"
"[bug,flying]","[water,poison]","[rock,ground]"
"[bug,flying]","[water,psychic]","[bug,poison]"
"[bug,flying]","[water,psychic]","[fire,flying]"
"[bug,flying]","[water,psychic]","[ghost,poison]"
"[bug,flying]","[water,psychic]","[grass,poison]"
"[bug,flying]","[water,psychic]","[poison,flying]"
"[bug,flying]","[water,psychic]","[poison,ground]"
"[bug,flying]","[water,psychic]","[rock,flying]"
"[bug,flying]","[water,psychic]","[rock,ground]"
"[bug,flying]","[water,psychic]","[water,poison]"
"[bug,grass]","[bug,poison]","[grass,poison]"
"[bug,grass]","[bug,poison]","[ice,psychic]"
"[bug,grass]","[bug,poison]","[poison,ground]"
"[bug,grass]","[bug,poison]","[water,poison]"
"[bug,grass]","[grass,poison]","[rock,ground]"
"[bug,grass]","[grass,poison]","[rock,water]"
"[bug,grass]","[grass,poison]","[water,ice]"
"[bug,grass]","[grass,psychic]","[bug,poison]"
"[bug,grass]","[grass,psychic]","[ghost,poison]"
"[bug,grass]","[grass,psychic]","[grass,poison]"
"[bug,grass]","[grass,psychic]","[poison,flying]"
"[bug,grass]","[grass,psychic]","[poison,ground]"
"[bug,grass]","[grass,psychic]","[rock,ground]"
"[bug,grass]","[grass,psychic]","[rock,water]"
"[bug,grass]","[grass,psychic]","[water,ice]"
"[bug,grass]","[grass,psychic]","[water,poison]"
"[bug,grass]","[ice,psychic]","[bug,poison]"
"[bug,grass]","[ice,psychic]","[dragon,flying]"
"[bug,grass]","[ice,psychic]","[electric,flying]"
"[bug,grass]","[ice,psychic]","[fire,flying]"
"[bug,grass]","[ice,psychic]","[ghost,poison]"
"[bug,grass]","[ice,psychic]","[grass,poison]"
"[bug,grass]","[ice,psychic]","[normal,flying]"
"[bug,grass]","[ice,psychic]","[poison,flying]"
"[bug,grass]","[ice,psychic]","[poison,ground]"
"[bug,grass]","[ice,psychic]","[rock,flying]"
"[bug,grass]","[ice,psychic]","[water,poison]"
"[bug,grass]","[poison,ground]","[electric,flying]"
"[bug,grass]","[poison,ground]","[fire,flying]"
"[bug,grass]","[poison,ground]","[ghost,poison]"
"[bug,grass]","[poison,ground]","[poison,flying]"
"[bug,grass]","[poison,ground]","[rock,flying]"
"[bug,grass]","[poison,ground]","[rock,ground]"
"[bug,grass]","[poison,ground]","[rock,water]"
"[bug,grass]","[poison,ground]","[water,poison]"
"[bug,grass]","[rock,ground]","[bug,poison]"
"[bug,grass]","[rock,ground]","[dragon,flying]"
"[bug,grass]","[rock,ground]","[electric,flying]"
"[bug,grass]","[rock,ground]","[fire,flying]"
"[bug,grass]","[rock,ground]","[ghost,poison]"
"[bug,grass]","[rock,ground]","[ice,flying]"
"[bug,grass]","[rock,ground]","[ice,psychic]"
"[bug,grass]","[rock,ground]","[normal,flying]"
"[bug,grass]","[rock,ground]","[poison,flying]"
"[bug,grass]","[rock,ground]","[poison,ground]"
"[bug,grass]","[rock,ground]","[rock,flying]"
"[bug,grass]","[rock,ground]","[rock,water]"
"[bug,grass]","[rock,ground]","[water,flying]"
"[bug,grass]","[rock,ground]","[water,ice]"
"[bug,grass]","[rock,ground]","[water,poison]"
"[bug,grass]","[rock,water]","[bug,poison]"
"[bug,grass]","[rock,water]","[dragon,flying]"
"[bug,grass]","[rock,water]","[electric,flying]"
"[bug,grass]","[rock,water]","[fire,flying]"
"[bug,grass]","[rock,water]","[ice,flying]"
"[bug,grass]","[rock,water]","[ice,psychic]"
"[bug,grass]","[rock,water]","[normal,flying]"
"[bug,grass]","[rock,water]","[poison,flying]"
"[bug,grass]","[rock,water]","[poison,ground]"
"[bug,grass]","[rock,water]","[rock,flying]"
"[bug,grass]","[rock,water]","[rock,ground]"
"[bug,grass]","[rock,water]","[water,flying]"
"[bug,grass]","[rock,water]","[water,ice]"
"[bug,grass]","[water,fighting]","[fire,flying]"
"[bug,grass]","[water,fighting]","[poison,ground]"
"[bug,grass]","[water,fighting]","[rock,flying]"
"[bug,grass]","[water,fighting]","[rock,ground]"
"[bug,grass]","[water,fighting]","[rock,water]"
"[bug,grass]","[water,fighting]","[water,ice]"
"[bug,grass]","[water,ice]","[dragon,flying]"
"[bug,grass]","[water,ice]","[electric,flying]"
"[bug,grass]","[water,ice]","[fire,flying]"
"[bug,grass]","[water,ice]","[grass,poison]"
"[bug,grass]","[water,ice]","[normal,flying]"
"[bug,grass]","[water,ice]","[poison,flying]"
"[bug,grass]","[water,ice]","[poison,ground]"
"[bug,grass]","[water,ice]","[rock,flying]"
"[bug,grass]","[water,ice]","[rock,ground]"
"[bug,grass]","[water,poison]","[fire,flying]"
"[bug,grass]","[water,poison]","[poison,ground]"
"[bug,grass]","[water,poison]","[rock,flying]"
"[bug,grass]","[water,poison]","[rock,ground]"
"[bug,grass]","[water,psychic]","[bug,poison]"
"[bug,grass]","[water,psychic]","[fire,flying]"
"[bug,grass]","[water,psychic]","[ghost,poison]"
"[bug,grass]","[water,psychic]","[grass,poison]"
"[bug,grass]","[water,psychic]","[poison,flying]"
"[bug,grass]","[water,psychic]","[poison,ground]"
"[bug,grass]","[water,psychic]","[rock,flying]"
"[bug,grass]","[water,psychic]","[rock,ground]"
"[bug,grass]","[water,psychic]","[water,poison]"
"[bug,poison]","[grass,poison]","[grass,psychic]"
"[bug,poison]","[grass,poison]","[rock,ground]"
"[bug,poison]","[grass,poison]","[rock,water]"
"[bug,poison]","[grass,poison]","[water,psychic]"
"[bug,poison]","[grass,psychic]","[poison,flying]"
"[bug,poison]","[grass,psychic]","[rock,ground]"
"[bug,poison]","[grass,psychic]","[rock,water]"
"[bug,poison]","[grass,psychic]","[water,psychic]"
"[bug,poison]","[ice,psychic]","[dragon,flying]"
"[bug,poison]","[ice,psychic]","[electric,flying]"
"[bug,poison]","[ice,psychic]","[fire,flying]"
"[bug,poison]","[ice,psychic]","[grass,psychic]"
"[bug,poison]","[ice,psychic]","[normal,flying]"
"[bug,poison]","[ice,psychic]","[poison,flying]"
"[bug,poison]","[ice,psychic]","[rock,flying]"
"[bug,poison]","[poison,ground]","[electric,flying]"
"[bug,poison]","[poison,ground]","[fire,flying]"
"[bug,poison]","[poison,ground]","[grass,psychic]"
"[bug,poison]","[poison,ground]","[poison,flying]"
"[bug,poison]","[poison,ground]","[rock,flying]"
"[bug,poison]","[poison,ground]","[rock,ground]"
"[bug,poison]","[poison,ground]","[rock,water]"
"[bug,poison]","[water,poison]","[fire,flying]"
"[bug,poison]","[water,poison]","[grass,psychic]"
"[bug,poison]","[water,poison]","[rock,flying]"
"[bug,poison]","[water,poison]","[rock,ground]"
"[bug,poison]","[water,psychic]","[fire,flying]"
"[bug,poison]","[water,psychic]","[poison,flying]"
"[bug,poison]","[water,psychic]","[rock,flying]"
"[bug,poison]","[water,psychic]","[rock,ground]"
"[dragon,flying]","[grass,poison]","[rock,ground]"
"[dragon,flying]","[grass,poison]","[rock,water]"
"[dragon,flying]","[grass,poison]","[water,ice]"
"[dragon,flying]","[grass,psychic]","[rock,ground]"
"[dragon,flying]","[grass,psychic]","[rock,water]"
"[dragon,flying]","[grass,psychic]","[water,ice]"
"[dragon,flying]","[water,fighting]","[rock,flying]"
"[dragon,flying]","[water,fighting]","[rock,ground]"
"[dragon,flying]","[water,fighting]","[rock,water]"
"[dragon,flying]","[water,fighting]","[water,ice]"
"[electric,flying]","[fire,flying]","[ice,flying]"
"[electric,flying]","[fire,flying]","[ice,psychic]"
"[electric,flying]","[grass,poison]","[rock,ground]"
"[electric,flying]","[grass,poison]","[rock,water]"
"[electric,flying]","[grass,poison]","[water,ice]"
"[electric,flying]","[grass,psychic]","[poison,ground]"
"[electric,flying]","[grass,psychic]","[rock,ground]"
"[electric,flying]","[grass,psychic]","[rock,water]"
"[electric,flying]","[grass,psychic]","[water,ice]"
"[electric,flying]","[ice,flying]","[rock,flying]"
"[electric,flying]","[rock,flying]","[ice,flying]"
"[electric,flying]","[rock,flying]","[ice,psychic]"
"[electric,flying]","[rock,flying]","[water,ice]"
"[electric,flying]","[rock,water]","[ice,flying]"
"[electric,flying]","[rock,water]","[ice,psychic]"
"[electric,flying]","[rock,water]","[poison,ground]"
"[electric,flying]","[rock,water]","[rock,flying]"
"[electric,flying]","[rock,water]","[rock,ground]"
"[electric,flying]","[rock,water]","[water,ice]"
"[electric,flying]","[water,fighting]","[poison,ground]"
"[electric,flying]","[water,fighting]","[rock,flying]"
"[electric,flying]","[water,fighting]","[rock,ground]"
"[electric,flying]","[water,fighting]","[rock,water]"
"[electric,flying]","[water,fighting]","[water,ice]"
"[electric,flying]","[water,flying]","[poison,ground]"
"[electric,flying]","[water,flying]","[rock,flying]"
"[electric,flying]","[water,flying]","[rock,ground]"
"[electric,flying]","[water,ice]","[poison,ground]"
"[electric,flying]","[water,ice]","[rock,flying]"
"[electric,flying]","[water,ice]","[rock,ground]"
"[electric,flying]","[water,poison]","[poison,ground]"
"[electric,flying]","[water,poison]","[rock,flying]"
"[electric,flying]","[water,poison]","[rock,ground]"
"[electric,flying]","[water,psychic]","[poison,ground]"
"[electric,flying]","[water,psychic]","[rock,flying]"
"[electric,flying]","[water,psychic]","[rock,ground]"
"[fire,flying]","[grass,poison]","[rock,ground]"
"[fire,flying]","[grass,poison]","[rock,water]"
"[fire,flying]","[grass,poison]","[water,fighting]"
"[fire,flying]","[grass,poison]","[water,ice]"
"[fire,flying]","[grass,poison]","[water,psychic]"
"[fire,flying]","[grass,psychic]","[poison,ground]"
"[fire,flying]","[grass,psychic]","[rock,ground]"
"[fire,flying]","[grass,psychic]","[rock,water]"
"[fire,flying]","[grass,psychic]","[water,fighting]"
"[fire,flying]","[grass,psychic]","[water,ice]"
"[fire,flying]","[grass,psychic]","[water,poison]"
"[fire,flying]","[grass,psychic]","[water,psychic]"
"[fire,flying]","[ice,flying]","[rock,flying]"
"[fire,flying]","[ice,flying]","[water,fighting]"
"[fire,flying]","[ice,psychic]","[poison,ground]"
"[fire,flying]","[ice,psychic]","[rock,flying]"
"[fire,flying]","[ice,psychic]","[water,fighting]"
"[fire,flying]","[ice,psychic]","[water,poison]"
"[fire,flying]","[water,fighting]","[poison,ground]"
"[fire,flying]","[water,fighting]","[rock,flying]"
"[fire,flying]","[water,fighting]","[rock,ground]"
"[fire,flying]","[water,fighting]","[rock,water]"
"[fire,flying]","[water,fighting]","[water,ice]"
"[ghost,poison]","[grass,psychic]","[poison,ground]"
"[ghost,poison]","[grass,psychic]","[rock,ground]"
"[ghost,poison]","[grass,psychic]","[water,psychic]"
"[grass,poison]","[grass,psychic]","[poison,flying]"
"[grass,poison]","[grass,psychic]","[water,ice]"
"[grass,poison]","[grass,psychic]","[water,psychic]"
"[grass,poison]","[rock,ground]","[ice,flying]"
"[grass,poison]","[rock,ground]","[ice,psychic]"
"[grass,poison]","[rock,ground]","[normal,flying]"
"[grass,poison]","[rock,ground]","[poison,flying]"
"[grass,poison]","[rock,ground]","[rock,flying]"
"[grass,poison]","[rock,ground]","[water,flying]"
"[grass,poison]","[rock,ground]","[water,ice]"
"[grass,poison]","[rock,water]","[ice,flying]"
"[grass,poison]","[rock,water]","[ice,psychic]"
"[grass,poison]","[rock,water]","[normal,flying]"
"[grass,poison]","[rock,water]","[poison,flying]"
"[grass,poison]","[rock,water]","[rock,flying]"
"[grass,poison]","[rock,water]","[water,flying]"
"[grass,poison]","[rock,water]","[water,ice]"
"[grass,poison]","[water,fighting]","[rock,flying]"
"[grass,poison]","[water,fighting]","[water,ice]"
"[grass,poison]","[water,ice]","[grass,psychic]"
"[grass,poison]","[water,ice]","[normal,flying]"
"[grass,poison]","[water,ice]","[poison,flying]"
"[grass,poison]","[water,ice]","[rock,flying]"
"[grass,poison]","[water,psychic]","[poison,flying]"
"[grass,poison]","[water,psychic]","[rock,flying]"
"[grass,psychic]","[poison,ground]","[poison,flying]"
"[grass,psychic]","[poison,ground]","[rock,flying]"
"[grass,psychic]","[poison,ground]","[water,poison]"
"[grass,psychic]","[rock,ground]","[ice,flying]"
"[grass,psychic]","[rock,ground]","[ice,psychic]"
"[grass,psychic]","[rock,ground]","[normal,flying]"
"[grass,psychic]","[rock,ground]","[poison,flying]"
"[grass,psychic]","[rock,ground]","[poison,ground]"
"[grass,psychic]","[rock,ground]","[rock,flying]"
"[grass,psychic]","[rock,ground]","[water,flying]"
"[grass,psychic]","[rock,ground]","[water,ice]"
"[grass,psychic]","[rock,ground]","[water,poison]"
"[grass,psychic]","[rock,water]","[ice,flying]"
"[grass,psychic]","[rock,water]","[ice,psychic]"
"[grass,psychic]","[rock,water]","[normal,flying]"
"[grass,psychic]","[rock,water]","[poison,flying]"
"[grass,psychic]","[rock,water]","[poison,ground]"
"[grass,psychic]","[rock,water]","[rock,flying]"
"[grass,psychic]","[rock,water]","[water,flying]"
"[grass,psychic]","[rock,water]","[water,ice]"
"[grass,psychic]","[water,fighting]","[poison,ground]"
"[grass,psychic]","[water,fighting]","[rock,flying]"
"[grass,psychic]","[water,fighting]","[water,ice]"
"[grass,psychic]","[water,ice]","[normal,flying]"
"[grass,psychic]","[water,ice]","[poison,flying]"
"[grass,psychic]","[water,ice]","[poison,ground]"
"[grass,psychic]","[water,ice]","[rock,flying]"
"[grass,psychic]","[water,poison]","[poison,ground]"
"[grass,psychic]","[water,poison]","[rock,flying]"
"[grass,psychic]","[water,psychic]","[poison,flying]"
"[grass,psychic]","[water,psychic]","[poison,ground]"
"[grass,psychic]","[water,psychic]","[rock,flying]"
"[grass,psychic]","[water,psychic]","[water,poison]"
"[ice,flying]","[water,fighting]","[rock,flying]"
"[ice,flying]","[water,fighting]","[rock,ground]"
"[ice,flying]","[water,fighting]","[rock,water]"
"[ice,psychic]","[poison,ground]","[rock,flying]"
"[ice,psychic]","[poison,ground]","[rock,ground]"
"[ice,psychic]","[poison,ground]","[rock,water]"
"[ice,psychic]","[water,fighting]","[rock,flying]"
"[ice,psychic]","[water,fighting]","[rock,ground]"
"[ice,psychic]","[water,fighting]","[rock,water]"
"[ice,psychic]","[water,poison]","[rock,flying]"
"[ice,psychic]","[water,poison]","[rock,ground]"
"[normal,flying]","[water,fighting]","[rock,flying]"
"[normal,flying]","[water,fighting]","[rock,ground]"
"[normal,flying]","[water,fighting]","[rock,water]"
"[normal,flying]","[water,fighting]","[water,ice]"
"[poison,flying]","[water,fighting]","[poison,ground]"
"[poison,flying]","[water,fighting]","[rock,flying]"
"[poison,flying]","[water,fighting]","[rock,ground]"
"[poison,flying]","[water,fighting]","[rock,water]"
"[poison,flying]","[water,fighting]","[water,ice]"
"[poison,ground]","[rock,flying]","[water,fighting]"
"[poison,ground]","[rock,flying]","[water,flying]"
"[poison,ground]","[rock,flying]","[water,ice]"
"[poison,ground]","[rock,ground]","[rock,water]"
"[poison,ground]","[rock,ground]","[water,flying]"
"[poison,ground]","[rock,ground]","[water,ice]"
"[poison,ground]","[rock,ground]","[water,poison]"
"[poison,ground]","[rock,water]","[rock,ground]"
"[poison,ground]","[rock,water]","[water,flying]"
"[poison,ground]","[rock,water]","[water,ice]"
"[poison,ground]","[water,poison]","[rock,ground]"
"[rock,flying]","[water,fighting]","[rock,ground]"
"[rock,flying]","[water,fighting]","[rock,water]"
"[rock,flying]","[water,fighting]","[water,ice]"
"[rock,flying]","[water,flying]","[rock,ground]"
"[rock,flying]","[water,flying]","[water,fighting]"
"[rock,flying]","[water,ice]","[rock,ground]"
"[rock,ground]","[rock,water]","[water,flying]"
"[rock,ground]","[rock,water]","[water,ice]"
"[rock,ground]","[water,flying]","[water,fighting]"
"[rock,water]","[water,flying]","[water,fighting]"
